MAE,RMSE,MSE,MAE_bps,RMSE_bps,DirectionalAcc,Corr,model,split,n,OOS_R2_vs_baseline
0.0172187462463153,0.025320502797945,0.0006411278619407,172.1874624631539,253.2050279794508,0.4585552596537949,0.0391597776070285,ridge_regression_plus_garch_sigma,test,6008,-0.0440004926128778
0.0172240431935433,0.0253227741750172,0.0006412428919189,172.24043193543304,253.22774175017287,0.4583888149134487,0.0397939988612577,ridge_regression_base,test,6008,-0.0441878052551953
0.0174532262140796,0.0254861031825139,0.0006495414554297,174.53226214079604,254.8610318251395,0.4633821571238349,0.0504512970523471,linear_regression_plus_garch_sigma,test,6008,-0.0577010292274844
0.0174913032977931,0.0255108866261393,0.0006508053364517,174.9130329779312,255.1088662613936,0.4623834886817576,0.0531371418442489,linear_regression_base,test,6008,-0.059759109195443
0.0311781562064326,0.0375691413294998,0.0014114403802359,311.78156206432607,375.69141329499854,0.4560585885486019,0.0323415031678077,random_forest_plus_garch_sigma,test,6008,-1.2983628379516805
0.0318625810303572,0.0381962539827104,0.0014589538183117,318.6258103035725,381.9625398271048,0.4557256990679094,0.0316565020670676,random_forest_base,test,6008,-1.3757328224766123
