MAE,RMSE,MSE,MAE_bps,RMSE_bps,DirectionalAcc,Corr,model,split,n,OOS_R2_vs_baseline
0.0681071132421493,0.0836933851242065,0.0070045827887952,681.0711324214935,836.9338512420654,0.5076844262295082,-3.4044803542715115e-05,gru_base,test,5856,-10.40613022169014
0.0696471333503723,0.0869215503334999,0.0075553557835519,696.4713335037231,869.2155033349991,0.4812158469945355,-0.0082262920105618,gru_plus_garch_sigma,test,5856,-11.302998556351609
