MAE,RMSE,MSE,MAE_bps,RMSE_bps,DirectionalAcc,Corr,model,split,n,OOS_R2_vs_baseline
0.0124033400026999,0.0192095383281096,0.0003690063627791,124.0334000269998,192.09538328109608,0.0045336787564766,,baseline_zero,train,7720,
0.0197881322953578,0.0292585803974288,0.0008560645268728,197.8813229535783,292.58580397428835,0.0011574074074074,,baseline_zero,val,6048,
0.0165308309183346,0.0248334236530448,0.0006166989303316,165.30830918334644,248.33423653044875,0.0018308921438082,,baseline_zero,test,6008,
0.0123532708715181,0.0191764910458928,0.0003677378088332,123.53270871518156,191.76491045892848,0.538860103626943,0.025202531783927,baseline_ticker_mean,train,7720,
0.0197622158222107,0.0292562465258926,0.0008559279607838,197.6221582221076,292.562465258926,0.5221560846560847,0.0072442915535599,baseline_ticker_mean,val,6048,
0.0164712567134797,0.0247811795055366,0.0006141068576856,164.71256713479713,247.81179505536664,0.5426098535286284,0.0158463571022027,baseline_ticker_mean,test,6008,
0.01233176052800561,0.019158799756764596,0.00036705960811980314,123.3176052800561,191.58799756764597,0.5389896373056995,0.04978199378872134,baseline_ar1_per_ticker,train,7720,0.0018442507055700386
0.019746827430504158,0.02919243000774836,0.0008521979697572868,197.46827430504158,291.9243000774836,0.5244708994708994,0.06986492201100339,baseline_ar1_per_ticker,val,6048,0.004357832898811309
0.016473599846892707,0.02477666381913975,0.0006138830700066687,164.73599846892708,247.7666381913975,0.5421105193075899,0.02837273017239939,baseline_ar1_per_ticker,test,6008,0.0003644116266751096
