MAE,RMSE,MSE,MAE_bps,RMSE_bps,DirectionalAcc,Corr,model,split,n,OOS_R2_vs_baseline
0.0124033400026999,0.0192095383281096,0.0003690063627791,124.0334000269998,192.09538328109608,0.0045336787564766,,baseline_zero,train,7720,
0.0197881322953578,0.0292585803974288,0.0008560645268728,197.8813229535783,292.58580397428835,0.0011574074074074,,baseline_zero,val,6048,
0.0165308309183346,0.0248334236530448,0.0006166989303316,165.30830918334644,248.33423653044875,0.0018308921438082,,baseline_zero,test,6008,
0.012353270871518158,0.01917649104589285,0.00036773780883320856,123.53270871518157,191.76491045892848,0.538860103626943,0.025202531783927007,baseline_ticker_mean,train,7720,
0.019762215822210757,0.0292562465258926,0.0008559279607838029,197.62215822210757,292.562465258926,0.5221560846560847,0.007244291553559939,baseline_ticker_mean,val,6048,
0.016471256713479713,0.02478117950553666,0.0006141068576856303,164.71256713479713,247.81179505536662,0.5426098535286284,0.01584635710220275,baseline_ticker_mean,test,6008,
