MAE,RMSE,MSE,MAE_bps,RMSE_bps,DirectionalAcc,Corr,model,split,n,OOS_R2_vs_baseline
0.012403340002699981,0.019209538328109607,0.00036900636277911205,124.03340002699981,192.09538328109608,0.0045336787564766836,,baseline_zero,train,7720,
0.01978813229535783,0.029258580397428836,0.000856064526872807,197.8813229535783,292.58580397428835,0.0011574074074074073,,baseline_zero,val,6048,
0.016530830918334644,0.024833423653044875,0.0006166989303316087,165.30830918334644,248.33423653044875,0.0018308921438082556,,baseline_zero,test,6008,
