model,split,n_test,MAE,RMSE,Corr,DirectionalAcc,OOS_R2_vs_baseline,best_OOS_R2
baseline_ticker_mean,test,6008,0.016471255475866458,0.0247811787783874,0.015846365970102284,0.5426098535286284,0.0,True
ridge_pooled,test,6008,0.017224041381036247,0.02532277335996192,0.0397939855837163,0.460219707057257,-0.044187799316165455,False
gru_base,test,6008,0.1048150435090065,0.11877430975437164,-0.03679896613581222,0.5419440745672437,-21.972122547860252,False
lstm_base,test,6008,0.12422943115234375,0.14341434836387634,-0.06090352920931166,0.533288948069241,-32.49201403011089,False
gru_hybrid_garch11_t_sigma1,test,6008,0.19461685419082642,0.22612538933753967,-0.030461335972388055,0.5277962716378163,-82.26351044922917,False
lstm_hybrid_garch11_t_sigma1,test,6008,0.13682566583156586,0.14534668624401093,0.02068825577583534,0.4570572569906791,-33.40062765654318,False
gru_lstm_hybrid_garch11_t_sigma1,test,6008,0.05142761394381523,0.06444275379180908,-0.04216008321754491,0.5214713715046605,-5.7624534258282605,False
