model,split,n_test,MAE,RMSE,Corr,DirectionalAcc,OOS_R2_vs_baseline,best_OOS_R2
baseline_ticker_mean,test,6008,0.016471255475866458,0.0247811787783874,0.015846365970102284,0.5426098535286284,0.0,True
ridge_pooled,test,6008,0.017224041381036247,0.02532277335996192,0.0397939855837163,0.460219707057257,-0.044187799316165455,False
gru_base,test,6008,0.1048150509595871,0.11877432465553284,-0.03679896925162747,0.5419440745672437,-21.97212668353355,False
lstm_base,test,6008,0.12422943860292435,0.14341434836387634,-0.06090352625746605,0.533288948069241,-32.49201816578418,False
gru_hybrid_garch11_t_sigma1,test,6008,0.1946169137954712,0.22612543404102325,-0.03046131761105808,0.5277962716378163,-82.26354353461554,False
lstm_hybrid_garch11_t_sigma1,test,6008,0.13682565093040466,0.14534667134284973,0.02068827235651143,0.4570572569906791,-33.40062145303324,False
gru_lstm_hybrid_garch11_t_sigma1,test,6008,0.05142759531736374,0.06444273144006729,-0.04216008550430686,0.5214713715046605,-5.762448773195803,False
