model,split,n,MAE,RMSE,Corr,DirectionalAcc,OOS_R2_vs_baseline
gru_lstm_hybrid_garch11_t_sigma1,train,5784,0.013087722472846508,0.019782600924372673,0.18988673304257872,0.5594744121715076,0.031819223677259756
gru_lstm_hybrid_garch11_t_sigma1,val,6048,0.02558959648013115,0.03584526106715202,0.06350278579877851,0.5089285714285714,-0.5011575523777916
gru_lstm_hybrid_garch11_t_sigma1,test,6008,0.05142759531736374,0.06444273144006729,-0.04216008550430686,0.5214713715046605,-5.762449027636641
