model,split,n,MAE,RMSE,Corr,DirectionalAcc,OOS_R2_vs_baseline
gru_base,train,7480,0.013820613734424114,0.019307995215058327,0.3791721175978837,0.595855614973262,0.0008857144310610021
gru_base,val,6048,0.13858170807361603,0.1598617136478424,0.04376056973943718,0.5205026455026455,-28.85737963700809
gru_base,test,6008,0.1048150584101677,0.11877432465553284,-0.03679899471403987,0.5419440745672437,-21.972127182318363
