model,split,n,MAE,RMSE,Corr,DirectionalAcc,OOS_R2_vs_baseline
lstm_hybrid_garch11_t_sigma1,train,5784,0.014005118981003761,0.020390832796692848,0.1909723179260827,0.5492738589211619,-0.028630977315028838
lstm_hybrid_garch11_t_sigma1,val,6048,0.05487005412578583,0.0696638748049736,0.03982388344244651,0.5266203703703703,-4.6699341175403175
lstm_hybrid_garch11_t_sigma1,test,6008,0.13682565093040466,0.14534667134284973,0.02068827235651143,0.4570572569906791,-33.400620330262555
