model,n_test,MAE,RMSE,Corr,DirectionalAcc,OOS_R2_vs_baseline
baseline_ticker_mean,6008.0,0.0164712554758664,0.0247811787783874,0.0158463659701022,0.5426098535286284,0.0
ar1_per_ticker,6008.0,0.0164734826640449,0.0247857959346318,0.0200918119439221,0.5426098535286284,-0.0003726688236458
ridge_pooled,6008.0,0.0172240413810362,0.0253227733599619,0.0397939855837163,0.460219707057257,-0.0441877993161652
rf_pooled,6008.0,0.0192568349068029,0.0270059823664536,0.0451191080033659,0.4620505992010652,-0.1876159942693949
gru_base,6008.0,0.1048150509595871,0.1187743246555328,-0.0367989692516274,0.5419440745672437,-21.972127182318363
gru_hybrid_garch11_t_sigma1,6008.0,0.1946169137954712,0.2261254340410232,-0.030461317611058,0.5277962716378163,-82.26354140215898
