model,n_vol,QLIKE,MSE_RV
egarch11_t,6008.0,-6.579851302860764,5.401094705399823e-06
gjr11_t,6008.0,-6.560225847561804,5.499659087739059e-06
garch11_t,6008.0,-6.555961369924335,5.619552578699896e-06
RollingVar20,6008.0,-6.399996767170382,5.658921846271433e-06
