model,split,n,avg_logscore,coverage_90,sigma_scale_s
ridge_pooled+garch11_t_sigma1,test,6008,2.3330400003076166,0.9226031957390146,
gru_base+garch11_t_sigma1,test,6008,-14.714677640190546,0.1904127829560586,
gru_hybrid_garch11_t_sigma1+garch11_t_sigma1,test,6008,-28.02911543177774,0.13382157123834887,
ridge_pooled+garch11_t_sigma1,train,6024,2.6348042959526556,0.9249667994687915,1.049609606045953
gru_base+garch11_t_sigma1,train,6024,2.557491017930012,0.9181606905710491,1.1339777320237907
gru_hybrid_garch11_t_sigma1+garch11_t_sigma1,train,5733,2.3306802248505365,0.9138321995464853,1.412877766935853
ridge_pooled+garch11_t_sigma1,val,6048,2.266342020127245,0.9077380952380952,
gru_hybrid_garch11_t_sigma1+garch11_t_sigma1,val,6048,-2.2869679441938975,0.43700396825396826,
gru_base+garch11_t_sigma1,val,6048,-23.68501907054747,0.18733465608465608,
