model,split,n,MAE,RMSE,Corr,DirectionalAcc,OOS_R2_vs_baseline
transformer_base,train,7472,0.024381324648857117,0.03143724426627159,0.02547939409165691,0.5172644539614561,-1.6466518528372651
transformer_base,val,6048,0.09473323076963425,0.10878774523735046,-0.017364201172542396,0.47585978835978837,-12.826833824177523
transformer_base,test,6008,0.04540739208459854,0.0569322295486927,0.03067747321472207,0.48152463382157124,-4.278037275254771
