model,split,n,MAE,RMSE,Corr,DirectionalAcc,OOS_R2_vs_baseline
transformer_gru_base,train,7472,0.01380070112645626,0.020476415753364563,0.051886530130596895,0.5355995717344754,-0.1228344968457149
transformer_gru_base,val,6048,0.02102590538561344,0.03022732213139534,0.00452572877165662,0.4990079365079365,-0.06748576341811097
transformer_gru_base,test,6008,0.016956107690930367,0.025153864175081253,0.03786978461597466,0.4826897470039947,-0.03030424699013512
