model,split,n,MAE,RMSE,Corr,DirectionalAcc,OOS_R2_vs_baseline
transformer_lstm_base,train,7472,0.012748478911817074,0.019481075927615166,0.07512869382810883,0.5274357601713062,-0.016327584909473947
transformer_lstm_base,val,6048,0.020138101652264595,0.02951539121568203,0.022430601708250814,0.5006613756613757,-0.017793932953572567
transformer_lstm_base,test,6008,0.017045237123966217,0.02531602419912815,-0.04411327421225025,0.4643808255659121,-0.04363119835427609
