model,split,n,MAE,RMSE,Corr,DirectionalAcc,OOS_R2_vs_baseline
transformer_hybrid_garch11_t_sigma1,train,5784,0.014910825528204441,0.02166786603629589,0.019782154480752715,0.5103734439834025,-0.16150726877763333
transformer_hybrid_garch11_t_sigma1,val,6048,0.0317533016204834,0.04154421389102936,0.017735587271598425,0.5160383597883598,-1.0164333502649874
transformer_hybrid_garch11_t_sigma1,test,6008,0.09651154279708862,0.10436788201332092,0.052455913977120135,0.4573901464713715,-16.7373941816782
