model,split,n,MAE,RMSE,Corr,DirectionalAcc,OOS_R2_vs_baseline
transformer_lstm_hybrid_garch11_t_sigma1,train,5784,0.013221037574112415,0.020089423283934593,0.11051092887853692,0.5421853388658368,0.0015539465051976897
transformer_lstm_hybrid_garch11_t_sigma1,val,6048,0.0199873223900795,0.0294492170214653,0.0471495686763942,0.5241402116402116,-0.013235264047023465
transformer_lstm_hybrid_garch11_t_sigma1,test,6008,0.01858467608690262,0.026438703760504723,0.030044909313396716,0.4572237017310253,-0.13824664798025532
