model,split,n,MAE,RMSE,Corr,DirectionalAcc,OOS_R2_vs_baseline
transformer_lstm_gru_hybrid_garch11_t_sigma1,train,5784,0.01309717632830143,0.02006482146680355,0.08150418135500308,0.5458160442600276,0.003997883621110643
transformer_lstm_gru_hybrid_garch11_t_sigma1,val,6048,0.020281782373785973,0.029648637399077415,0.04283254097198663,0.5178571428571429,-0.027004302050260165
transformer_lstm_gru_hybrid_garch11_t_sigma1,test,6008,0.017674975097179413,0.026071088388562202,-0.04291574224965507,0.4598868175765646,-0.10681343849013958
