model,split,n,MAE,RMSE,Corr,DirectionalAcc,OOS_R2_vs_baseline
transformer_gru_hybrid_garch11_t_sigma1,train,5784,0.013300761580467224,0.020130705088377,0.09829763275909152,0.5323305670816044,-0.0025537226007397162
transformer_gru_hybrid_garch11_t_sigma1,val,6048,0.021099017933011055,0.030176734551787376,0.026665465714917586,0.5122354497354498,-0.0639158239210007
transformer_gru_hybrid_garch11_t_sigma1,test,6008,0.017018157988786697,0.025304997339844704,0.000786245117339594,0.4690412782956059,-0.04272231208136046
